Exchange/Symbol,,,,,,,,,,,,,,,,,,,,,,,,,,,
NYSE-A,16 days ago,Q2 2025,1.27USD,1.63BUSD,33.38BUSD,0.87%,26.15,4.37USD,1.29BUSD,6.51BUSD,282.92M,0.84,17.9K,200 1.10%,363.69KUSD,72.01KUSD,Health Technology,Health Technology,Medical Specialties,Medical Specialties,Padraig Mcdonnell,agilent.com,agilent.com,Santa Clara,1999,BBG000C2V3D6,
NYSE-AA,July 16,Q2 2025,0.75USD,2.96BUSD,7.34BUSD,1.39%,8.51,3.40USD,60.00MUSD,12.18BUSD,257.80M,1.88,13.9K,+300 +2.21%,876.55KUSD,4.32KUSD,Non-Energy Minerals,Non-Energy Minerals,Aluminum,Aluminum,William F. Oplinger,alcoa.com,alcoa.com,Pittsburgh,1886,BBG00B3T3HD3,
NASDAQ-AACB,294.88MUSD,,,,85.27KUSD,0.00USD,23.47M,0.04,1,0.00USD,85.27KUSD,Finance,Finance,Financial Conglomerates,Financial Conglomerates,Hong Boon Sim,artiuscapital.com,artiuscapital.com,New York,2024,BBG01SK9X794,,,,,,
NYSE-AACT,699.01MUSD,,31.29,0.36USD,25.99MUSD,0.00USD,46.39M,1.8,4,0,0.00USD,6.50MUSD,Finance,Finance,Financial Conglomerates,Financial Conglomerates,David Benjamin Kaplan,aresacquisitioncorporationii.com,aresacquisitioncorporationii.com,New York,2021,BBG01GWQM2H3,,,,,
NASDAQ-AAL,,,0.78USD,14.27BUSD,6.84BUSD,,12.77,1.04USD,846.00MUSD,54.21BUSD,649.21M,0.94,133.3K,+1.2K +0.91%,406.68KUSD,6.35KUSD,Transportation,Transportation,Airlines,Airlines,Robert D. Isom,aa.com,aa.com,Fort Worth,2013,BBG005P7Q881,
NYSE-AAM,546.95MUSD,,49.45,0.21USD,5.86MUSD,0.00USD,36.47M,0.11,2,0.00USD,2.93MUSD,Finance,Finance,Financial Conglomerates,Financial Conglomerates,Qing Sun,aamission.net,aamission.net,The Woodlands,BBG01P4W83N8,,,,,,,
NASDAQ-AAME,37.33MUSD,1.09%,,0.09USD,4.27MUSD,188.23MUSD,3.83M,0.16,156,+1 +0.65%,1.21MUSD,27.36KUSD,Finance,Finance,Multi-Line Insurance,Multi-Line Insurance,Hilton H. Howell,atlam.com,atlam.com,Atlanta,1968,BBG000B9XB24,,,,,
NYSE-AAMI,July 24,Q2 2025,0.52USD,117.60MUSD,1.12BUSD,0.13%,12.58,2.42USD,85.00MUSD,515.30MUSD,35.13M,1.24,383,4 1.03%,1.35MUSD,221.93KUSD,Finance,Finance,Investment Managers,Investment Managers,Kelly Ann Louise Young,acadian-inc.com,acadian-inc.com,Boston,1980,BBG00P2HLNY3,
NASDAQ-AAOI,July 31,Q2 2025,0.08USD,104.96MUSD,868.47MUSD,,,3.87USD,186.73MUSD,249.37MUSD,51.66M,3.59,3.31K,+1.16K +53.98%,75.36KUSD,56.43KUSD,Electronic Technology,Electronic Technology,Semiconductors,Semiconductors,Chih Hsiang Lin,ao-inc.com,ao-inc.com,Sugar Land,1997,BBG000D6VW15,
NASDAQ-AAON,July 31,Q2 2025,0.37USD,333.98MUSD,5.94BUSD,0.54%,38.96,1.95USD,168.56MUSD,1.20BUSD,67.22M,1.59,4.81K,+956 +24.79%,249.51KUSD,35.03KUSD,Producer Manufacturing,Producer Manufacturing,Industrial Machinery,Industrial Machinery,Matthew J. Tobolski,aaon.com,aaon.com,Tulsa,1987,BBG000C2LZP3,
NYSE-AAP,August 26,Q1 2025,0.53USD,1.97BUSD,2.90BUSD,1.97%,,5.89USD,335.79MUSD,9.09BUSD,58.97M,0.59,62.8K,6.2K 8.99%,144.81KUSD,9.35KUSD,Retail Trade,Retail Trade,Specialty Stores,Specialty Stores,Shane M. O'Kelly,advanceautoparts.com,advanceautoparts.com,Raleigh,1929,BBG000F7RCJ1,
NASDAQ-AAPL,July 23,Q3 2025,1.42USD,88.81BUSD,2.93TUSD,0.52%,31.09,6.44USD,93.74BUSD,391.04BUSD,14.92B,1.09,164K,+3K +1.86%,2.38MUSD,571.56KUSD,Electronic Technology,Electronic Technology,Telecommunications Equipment,Telecommunications Equipment,Timothy Donald Cook,apple.com,apple.com,Cupertino,1976,BBG000B9XRY4,
NASDAQ-AARD,September 3,Q2 2025,0.65USD,0.00USD,233.01MUSD,,,3.16USD,20.59MUSD,0.00USD,12.39M,1.01,22,0.00USD,935.82KUSD,Health Technology,Health Technology,Pharmaceuticals: Major,Pharmaceuticals: Major,Tien Li Lee,aardvarktherapeutics.com,aardvarktherapeutics.com,San Diego,2017,BBG01223DLB2,,
NYSE-AB,July 24,Q2 2025,0.76USD,874.90MUSD,4.36BUSD,8.28%,10.84,3.71USD,423.37MUSD,0.00USD,104.74M,0.68,4.34K,366 7.78%,0.00USD,97.53KUSD,Finance,Finance,Investment Managers,Investment Managers,Seth Perry Bernstein,alliancebernstein.com,alliancebernstein.com,Nashville,1967,BBG000B9WM03,
NASDAQ-ABAT,September 24,Q4 2025,0.08USD,30.00MUSD,122.13MUSD,,,0.85USD,52.50MUSD,343.50KUSD,89.25M,1.12,98,+44 +81.48%,3.51KUSD,535.73KUSD,Non-Energy Minerals,Non-Energy Minerals,Other Metals/Minerals,Other Metals/Minerals,Ryan Melsert,americanbatterytechnology.com,americanbatterytechnology.com,Reno,2011,BBG004M1KJN5,
NYSE-ABBV,July 25,Q2 2025,3.22USD,14.95BUSD,337.52BUSD,3.41%,82.05,2.35USD,4.24BUSD,56.33BUSD,1.76B,0.33,55K,+5K +10.00%,1.02MUSD,77.05KUSD,Health Technology,Health Technology,Pharmaceuticals: Major,Pharmaceuticals: Major,Robert A. Michael,abbvie.com,abbvie.com,North Chicago,2011,BBG0025Y4RY4,
NYSE-ABCB,July 24,Q2 2025,1.33USD,296.90MUSD,4.18BUSD,1.28%,11.57,5.41USD,358.69MUSD,1.64BUSD,64.99M,1.15,2.69K,74 2.68%,608.07KUSD,133.29KUSD,Finance,Finance,Regional Banks,Regional Banks,H. Palmer Proctor,amerisbank.com,amerisbank.com,Atlanta,1971,BBG000CDY3H5,
NASDAQ-ABCL,August 12,Q2 2025,0.14USD,7.26MUSD,955.15MUSD,,,0.57USD,162.86MUSD,28.83MUSD,223.95M,1.34,596,+10 +1.71%,48.38KUSD,273.25KUSD,Health Technology,Health Technology,Biotechnology,Biotechnology,Carl Lars G. Hansen,abcellera.com,abcellera.com,Vancouver,2012,BBG00LLW2MF2,
NASDAQ-ABEO,August 18,Q2 2025,0.38USD,0.00USD,315.13MUSD,,,0.89USD,63.73MUSD,0.00USD,45.31M,1.5,136,+52 +61.90%,0.00USD,468.63KUSD,Health Technology,Health Technology,Pharmaceuticals: Major,Pharmaceuticals: Major,Vishwas Seshadri,abeonatherapeutics.com,abeonatherapeutics.com,Cleveland,1974,BBG000DT5D52,
NYSE-ABG,July 29,Q2 2025,6.76USD,4.44BUSD,4.57BUSD,,11.41,21.12USD,430.30MUSD,17.19BUSD,19.48M,1.02,15K,0,1.15MUSD,28.69KUSD,Retail Trade,Retail Trade,Specialty Stores,Specialty Stores,David W. Hult,asburyauto.com,asburyauto.com,Duluth,1995,BBG000BKDWB5,
NASDAQ-ABL,August 18,Q2 2025,0.17USD,43.64MUSD,579.44MUSD,,,0.23USD,23.96MUSD,114.26MUSD,33.96M,0.59,157,+55 +53.92%,727.80KUSD,152.62KUSD,Finance,Finance,Investment Managers,Investment Managers,Jay Jackson,abacusgm.com,abacusgm.com,Orlando,2020,BBG00VY1KB95,
NASDAQ-ABLV,55.07MUSD,,,0.17USD,7.42MUSD,128.93MUSD,10.12M,0.51,89,9 9.18%,1.45MUSD,83.36KUSD,Retail Trade,Retail Trade,Specialty Stores,Specialty Stores,Jian Zhu,Shanghai,BBG01BX34541,,,,,,,,
NYSE-ABM,September 4,Q3 2025,0.95USD,2.15BUSD,2.80BUSD,2.29%,37.08,1.26USD,81.40MUSD,8.36BUSD,61.26M,0.84,117K,6K 4.88%,71.45KUSD,695.73USD,Commercial Services,Commercial Services,Miscellaneous Commercial Services,Miscellaneous Commercial Services,Scott Salmirs,abm.com,abm.com,New York,1909,BBG000B9YYH7,
NASDAQ-ABNB,August 6,Q2 2025,0.93USD,3.03BUSD,84.90BUSD,,34.74,4.03USD,2.65BUSD,11.10BUSD,413.91M,1.32,7.3K,+393 +5.69%,1.52MUSD,362.74KUSD,Consumer Services,Consumer Services,Other Consumer Services,Other Consumer Services,Brian Chesky,airbnb.com,airbnb.com,San Francisco,2007,BBG001Y2XS07,
NASDAQ-ABOS,August 18,Q2 2025,0.53USD,0.00USD,64.81MUSD,,,1.93USD,102.33MUSD,0.00USD,44.20M,2.49,61,+9 +17.31%,0.00USD,1.68MUSD,Health Technology,Health Technology,Pharmaceuticals: Major,Pharmaceuticals: Major,Daniel J. O'Connell,acumenpharm.com,acumenpharm.com,Newton,1996,BBG0058YJ317,
NASDAQ-ABP,September 3,Q2 2025,0.04USD,,13.07MUSD,,,0.4247USD,7.23MUSD,183.00KUSD,32.49M,3.15,6,+2 +50.00%,30.50KUSD,1.21MUSD,Finance,Finance,Financial Conglomerates,Financial Conglomerates,Miles Suk,Woburn,2004,BBG013X0S7F3,,,
NASDAQ-ABSI,August 19,Q2 2025,0.21USD,1.39MUSD,354.61MUSD,,,0.93USD,103.11MUSD,4.53MUSD,111.47M,2.55,157,+1 +0.64%,28.88KUSD,656.73KUSD,Health Technology,Health Technology,Biotechnology,Biotechnology,Sean McClain,absci.com,absci.com,Vancouver,2011,BBG011N54CJ8,
NYSE-ABT,July 17,Q2 2025,1.25USD,11.06BUSD,235.96BUSD,1.73%,17.55,7.74USD,13.35BUSD,41.95BUSD,1.73B,0.27,114K,0,367.98KUSD,117.11KUSD,Health Technology,Health Technology,Medical Specialties,Medical Specialties,Robert B. Ford,abbott.com,abbott.com,Abbott Park,1888,BBG000B9ZXB4,
NASDAQ-ABTS,10.10MUSD,,,0.38USD,909.66KUSD,6.71MUSD,1.33M,1.23,11,0,610.11KUSD,82.70KUSD,Technology Services,Technology Services,Data Processing Services,Data Processing Services,Cong Lin Deng,abitsgroup.com,abitsgroup.com,Hong Kong,2013,BBG01255DHK3,,,,,
NASDAQ-ABUS,July 31,Q2 2025,0.04USD,1.61MUSD,676.09MUSD,,,0.40USD,69.92MUSD,6.17MUSD,148.66M,0.01,44,29 39.73%,140.25KUSD,1.59MUSD,Health Technology,Health Technology,Pharmaceuticals: Major,Pharmaceuticals: Major,Lindsay Androski,arbutusbio.com,arbutusbio.com,Warminster,2005,BBG000RR8V85,
NASDAQ-ABVC,August 19,Q2 2025,,,30.06MUSD,,,0.14USD,4.90MUSD,509.59KUSD,14.71M,1.18,19,0,26.82KUSD,258.05KUSD,Health Technology,Health Technology,Pharmaceuticals: Major,Pharmaceuticals: Major,Uttam Yashwant Patil,abvcpharma.com,abvcpharma.com,Fremont,1990,BBG000Q844Z2,
NASDAQ-ABVE,56.31MUSD,,,,987.94KUSD,0.00USD,27.97M,3.17,2,0,0.00USD,493.97KUSD,Consumer Non-Durables,Consumer Non-Durables,Food: Major Diversified,Food: Major Diversified,Lionel Kambeitz,Regina,2023,BBG01NGG37N1,,,,,,,
NYSE-AC,793.31MUSD,0.53%,21,1.80USD,44.33MUSD,55.94MUSD,2.14M,0.64,24,1 4.00%,2.33MUSD,1.85MUSD,Finance,Finance,Investment Managers,Investment Managers,Patrick B. Huvane,associated-capital-group.com,associated-capital-group.com,Greenwich,1976,BBG008NZ8QC0,,,,,
NYSE-ACA,July 31,Q2 2025,1.10USD,760.12MUSD,4.19BUSD,0.23%,55.03,1.60USD,93.40MUSD,2.57BUSD,47.87M,1.46,6.25K,+175 +2.88%,411.18KUSD,14.94KUSD,Producer Manufacturing,Producer Manufacturing,Trucks/Construction/Farm Machinery,Trucks/Construction/Farm Machinery,Antonio Carrillo Rule,arcosa.com,arcosa.com,Dallas,2017,BBG00JGMWFM9,
NASDAQ-ACAD,July 30,Q2 2025,0.14USD,263.28MUSD,3.63BUSD,,15.83,1.38USD,226.45MUSD,957.80MUSD,166.02M,1.16,654,+56 +9.36%,1.46MUSD,346.26KUSD,Health Technology,Health Technology,Pharmaceuticals: Major,Pharmaceuticals: Major,Catherine Owen Adams,acadia.com,acadia.com,San Diego,1993,BBG000BHG9K0,
NYSE-ACCO,July 30,Q2 2025,0.29USD,389.80MUSD,322.55MUSD,8.06%,,1.12USD,101.60MUSD,1.67BUSD,86.31M,1.11,5K,600 10.71%,333.24KUSD,20.32KUSD,Producer Manufacturing,Producer Manufacturing,Office Equipment/Supplies,Office Equipment/Supplies,Thomas W. Tedford,accobrands.com,accobrands.com,Lake Zurich,1903,BBG000J06K07,
AMEX-ACCS,August 12,Q2 2025,0.09USD,5.83MUSD,45.21MUSD,,,1.37USD,10.79MUSD,23.06MUSD,2.86M,0.29,113,23 16.91%,204.04KUSD,117.53KUSD,Technology Services,Technology Services,Packaged Software,Packaged Software,Brian R. Balbirnie,accessnewswire.com,accessnewswire.com,Raleigh,1988,BBG000C1CK87,
NASDAQ-ACDC,August 7,Q2 2025,0.19USD,541.64MUSD,1.47BUSD,,,1.49USD,215.10MUSD,2.19BUSD,11.06M,2.35,3.08K,+128 +4.34%,712.02KUSD,69.91KUSD,Industrial Services,Industrial Services,Oilfield Services/Equipment,Oilfield Services/Equipment,Johnathan Ladd Wilks,pfholdingscorp.com,pfholdingscorp.com,Willow Park,2016,BBG013PRYPJ2,
NYSE-ACEL,July 30,Q2 2025,0.22USD,328.47MUSD,952.21MUSD,,23.62,0.50USD,35.25MUSD,1.23BUSD,50.60M,0.94,1.5K,+170 +12.78%,820.65KUSD,23.50KUSD,Consumer Services,Consumer Services,Movies/Entertainment,Movies/Entertainment,Andrew H. Rubenstein,accelentertainment.com,accelentertainment.com,Burr Ridge,2010,BBG00GX221W3,
NASDAQ-ACET,August 6,Q2 2025,0.31USD,0.00USD,62.06MUSD,,,1.2914USD,117.12MUSD,0.00USD,65.38M,1.87,152,+9 +6.29%,0.00USD,770.54KUSD,Health Technology,Health Technology,Pharmaceuticals: Major,Pharmaceuticals: Major,Chen Schor,adicetbio.com,adicetbio.com,Boston,2014,BBG00JCXSJP3,
NASDAQ-ACGL,July 23,Q2 2025,2.28USD,4.35BUSD,34.10BUSD,,9.43,9.99USD,4.31BUSD,16.86BUSD,361.88M,0.53,7.2K,+800 +12.50%,2.34MUSD,598.89KUSD,Finance,Finance,Multi-Line Insurance,Multi-Line Insurance,Nicolas Papadopoulo,archgroup.com,archgroup.com,Pembroke,1995,BBG000HXNN20,
NASDAQ-ACHC,August 5,Q2 2025,0.70USD,838.89MUSD,1.96BUSD,,10.86,2.05USD,255.61MUSD,3.15BUSD,89.37M,0.74,25.5K,+2K +8.51%,123.68KUSD,10.02KUSD,Health Services,Health Services,Medical/Nursing Services,Medical/Nursing Services,Christopher H. Hunter,acadiahealthcare.com,acadiahealthcare.com,Franklin,2005,BBG000FPNN38,
NYSE-ACHR,August 7,Q2 2025,0.26USD,200.00KUSD,5.48BUSD,,,1.24USD,536.80MUSD,0.00USD,447.20M,3.39,1.15K,+457 +66.14%,0.00USD,467.60KUSD,Electronic Technology,Electronic Technology,Aerospace & Defense,Aerospace & Defense,Adam Goldstein,archer.com,archer.com,San Jose,2018,BBG00XRTC910,
NASDAQ-ACHV,August 7,Q2 2025,0.34USD,0.00USD,112.73MUSD,,,1.34USD,39.83MUSD,0.00USD,29.37M,2.06,25,+3 +13.64%,0.00USD,1.59MUSD,Health Technology,Health Technology,Pharmaceuticals: Major,Pharmaceuticals: Major,Richard Alistair Balfour Stewart,achievelifesciences.com,achievelifesciences.com,Vancouver,1991,BBG000FB8S62,
NYSE-ACI,July 29,Q1 2025,0.54USD,24.68BUSD,12.22BUSD,2.80%,13.02,1.65USD,958.60MUSD,80.39BUSD,413.69M,0.06,195K,90K 31.58%,412.26KUSD,4.92KUSD,Retail Trade,Retail Trade,Food Retail,Food Retail,Susan D. Morris,albertsonscompanies.com,albertsonscompanies.com,Boise,1939,BBG009KG1750,
NASDAQ-ACIC,August 6,Q2 2025,0.38USD,243.22MUSD,504.33MUSD,,7.3,1.55USD,75.72MUSD,296.66MUSD,24.01M,0.52,65,6 8.45%,4.56MUSD,1.17MUSD,Finance,Finance,Property/Casualty Insurance,Property/Casualty Insurance,Bennett Bradford Martz,amcoastal.com,amcoastal.com,St. Petersburg,2007,BBG000TKFJQ7,
NASDAQ-ACIU,August 6,Q2 2025,0.21USD,2.44MUSD,192.94MUSD,,,0.58USD,57.82MUSD,31.01MUSD,61.06M,1.11,172,+11 +6.83%,180.29KUSD,336.14KUSD,Health Technology,Health Technology,Pharmaceuticals: Major,Pharmaceuticals: Major,Andrea Pfeifer,acimmune.com,acimmune.com,Lausanne,2003,CH0329023102,BBG00D0RHJ38
NASDAQ-ACIW,July 31,Q2 2025,0.09USD,380.49MUSD,4.73BUSD,,19.26,2.57USD,203.12MUSD,1.59BUSD,103.33M,0.93,3.1K,109 3.39%,513.79KUSD,65.46KUSD,Technology Services,Technology Services,Packaged Software,Packaged Software,Thomas W. Warsop,aciworldwide.com,aciworldwide.com,Elkhorn,1975,BBG000PMBV39,
NASDAQ-ACLS,July 30,Q2 2025,0.55USD,185.13MUSD,2.09BUSD,,11.28,5.48USD,200.99MUSD,1.02BUSD,31.45M,1.67,1.52K,96 5.93%,667.89KUSD,131.88KUSD,Producer Manufacturing,Producer Manufacturing,Industrial Machinery,Industrial Machinery,Russell J. Low,axcelis.com,axcelis.com,Beverly,1978,BBG000DW34S2,
NASDAQ-ACLX,August 18,Q2 2025,1.02USD,12.87MUSD,3.64BUSD,,,2.98USD,107.35MUSD,107.94MUSD,39.50M,1.21,163,+33 +25.38%,662.18KUSD,658.58KUSD,Health Technology,Health Technology,Biotechnology,Biotechnology,Rami Elghandour,arcellx.com,arcellx.com,Redwood City,2014,BBG00QHJM4S9,
NYSE-ACM,August 11,Q3 2025,1.26USD,1.93BUSD,14.82BUSD,0.93%,24.46,4.62USD,402.27MUSD,16.11BUSD,131.75M,0.67,51K,1K 1.92%,315.79KUSD,9.92KUSD,Industrial Services,Industrial Services,Engineering & Construction,Engineering & Construction,W. Troy Rudd,aecom.com,aecom.com,Dallas,1980,BBG000F61RJ8,
NASDAQ-ACMR,August 1,Q2 2025,0.48USD,224.30MUSD,1.56BUSD,,16.53,1.70USD,103.63MUSD,782.12MUSD,49.85M,1.25,2.02K,+433 +27.23%,386.61KUSD,51.22KUSD,Producer Manufacturing,Producer Manufacturing,Industrial Machinery,Industrial Machinery,David H. Wang,acmr.com,acmr.com,Fremont,1998,BBG00HPSG933,
NYSE-ACN,June 20,Q3 2025,3.32USD,17.27BUSD,195.14BUSD,1.86%,26.34,12.26USD,7.26BUSD,64.90BUSD,624.33M,0.6,774K,+41K +5.59%,83.85KUSD,9.39KUSD,Technology Services,Technology Services,Information Technology Services,Information Technology Services,Julie Spellman Sweet,accenture.com,accenture.com,Dublin,2009,IE00B4BNMY34,BBG000D9D830
NASDAQ-ACNB,July 24,Q2 2025,1.15USD,38.85MUSD,430.57MUSD,3.24%,14.43,2.92USD,31.85MUSD,132.19MUSD,10.07M,0.88,416,+3 +0.73%,317.78KUSD,76.55KUSD,Finance,Finance,Regional Banks,Regional Banks,James P. Helt,acnb.com,acnb.com,Gettysburg,1982,BBG000BJ2LY9,
NASDAQ-ACNT,August 12,Q2 2025,0.27USD,56.90MUSD,130.95MUSD,,,1.03USD,15.14MUSD,177.87MUSD,7.90M,0.11,452,65 12.57%,393.52KUSD,24.83KUSD,Non-Energy Minerals,Non-Energy Minerals,Steel,Steel,J. Bryan Kitchen,ascentco.com,ascentco.com,Schaumburg,1945,BBG000CLRHW7,
NASDAQ-ACOG,August 20,Q2 2025,0.46USD,1.65MUSD,149.78MUSD,,,1.29USD,14.64MUSD,0.00USD,12.48M,1.49,Finance,Finance,Financial Conglomerates,Financial Conglomerates,Michael E. McFadden,alphacognition.com,alphacognition.com,Vancouver,2000,BBG011CJPRD0,,,,,
NASDAQ-ACON,August 22,Q2 2025,2.26USD,30.00KUSD,4.33MUSD,,,"4,281.00USD",6.99MUSD,45.72KUSD,581.22K,1.42,6,+2 +50.00%,7.62KUSD,1.17MUSD,Technology Services,Technology Services,Packaged Software,Packaged Software,Brent Ness,aclarion.com,aclarion.com,Broomfield,2008,BBG014FBN4K3,
NASDAQ-ACRS,August 6,Q2 2025,0.14USD,1.32MUSD,159.17MUSD,,,1.40USD,132.06MUSD,18.72MUSD,92.25M,1.84,64,27 29.67%,292.50KUSD,2.06MUSD,Health Technology,Health Technology,Pharmaceuticals: Major,Pharmaceuticals: Major,Neal S. Walker,aclaristx.com,aclaristx.com,Wayne,2012,BBG003LF0QR9,
NASDAQ-ACRV,August 8,Q2 2025,0.57USD,0.00USD,37.63MUSD,,,2.22USD,80.56MUSD,0.00USD,22.16M,1.85,78,+20 +34.48%,0.00USD,1.03MUSD,Health Technology,Health Technology,Pharmaceuticals: Major,Pharmaceuticals: Major,Peter Blume-Jensen,acrivon.com,acrivon.com,Watertown,2018,BBG011RWR2Q4,
NASDAQ-ACT,August 5,Q2 2025,1.12USD,307.54MUSD,5.35BUSD,2.36%,8,4.48USD,688.07MUSD,1.20BUSD,31.26M,0.56,421,44 9.46%,2.85MUSD,1.63MUSD,Finance,Finance,Multi-Line Insurance,Multi-Line Insurance,Rohit Gupta,enactmi.com,enactmi.com,Raleigh,1981,BBG00WSNP4R3,
NASDAQ-ACTG,August 18,Q2 2025,0.05USD,55.00MUSD,353.91MUSD,,,0.11USD,36.06MUSD,122.31MUSD,94.41M,0.85,1.04K,+864 +502.33%,118.06KUSD,34.80KUSD,Commercial Services,Commercial Services,Miscellaneous Commercial Services,Miscellaneous Commercial Services,Martin D. McNulty,acaciaresearch.com,acaciaresearch.com,New York,1993,BBG000KF9J02,
NASDAQ-ACTU,September 3,Q2 2025,0.27USD,0.00USD,169.71MUSD,,,1.30USD,27.29MUSD,0.00USD,5.90M,1.25,10,0.00USD,2.73MUSD,Health Technology,Health Technology,Pharmaceuticals: Major,Pharmaceuticals: Major,Daniel M. Schmitt,actuatetherapeutics.com,actuatetherapeutics.com,Fort Worth,2015,BBG00NK7LK03,,
AMEX-ACU,July 18,Q2 2025,0.50USD,58.35MUSD,142.15MUSD,1.55%,15.77,2.70USD,10.02MUSD,194.49MUSD,3.32M,0.42,633,12 1.86%,307.25KUSD,15.83KUSD,Distribution Services,Distribution Services,Wholesale Distributors,Wholesale Distributors,Walter C. Johnsen,acmeunited.com,acmeunited.com,Shelton,1867,BBG000BB3LM8,
NYSE-ACVA,August 6,Q2 2025,0.08USD,195.52MUSD,2.63BUSD,,,0.45USD,79.70MUSD,637.16MUSD,162.28M,1.22,2.9K,+730 +33.64%,219.71KUSD,27.48KUSD,Retail Trade,Retail Trade,Internet Retail,Internet Retail,George G. Chamoun,acvauctions.com,acvauctions.com,Buffalo,2014,BBG00G5JGQ66,
NASDAQ-ADBE,September 11,Q3 2025,5.17USD,5.91BUSD,166.93BUSD,,26.46,15.70USD,5.56BUSD,21.52BUSD,424.72M,0.97,30.71K,+764 +2.55%,700.93KUSD,181.05KUSD,Technology Services,Technology Services,Packaged Software,Packaged Software,Shantanu Narayen,adobe.com,adobe.com,San Jose,1982,BBG000BB5006
NYSE-ADCT,August 12,Q2 2025,0.40USD,18.01MUSD,355.06MUSD,,,1.45USD,157.85MUSD,70.84MUSD,77.79M,2.37,265,+103 +63.58%,267.31KUSD,595.65KUSD,Health Technology,Health Technology,Pharmaceuticals: Major,Pharmaceuticals: Major,Ameet Mallik,adctherapeutics.com,adctherapeutics.com,Epalinges,2011,CH0499880968,BBG00Q6Q3QX1
NASDAQ-ADD,25.27MUSD,,,,26.86MUSD,2.83MUSD,28.15M,1.60,47,0,60.22KUSD,571.58KUSD,Technology Services,Technology Services,Internet Software/Services,Internet Software/Services,Samantha Huang,colorstarinternational.com,colorstarinternational.com,New York,2002,BBG00MYN3768
NASDAQ-ADEA,August 12,Q2 2025,0.26USD,91.01MUSD,1.41BUSD,1.45%,20.72,0.69USD,64.62MUSD,376.02MUSD,105.88M,0.96,150,+20 +15.38%,2.51MUSD,430.82KUSD,Technology Services,Technology Services,Packaged Software,Packaged Software,Paul E. Davis,adeia.com,adeia.com,San Jose,2022,BBG00RBFBL50
NASDAQ-ADGM,16.77MUSD,,,11.04USD,75.04MUSD,602.00KUSD,15.10M,0.90,80,"+77 +2,566.67%",7.53KUSD,938.01KUSD,Health Technology,Health Technology,Medical Specialties,Medical Specialties,Todd Usen,adagiomedical.com,adagiomedical.com,Laguna Hills,2020,BBG01P202S42
NASDAQ-ADI,August 20,Q3 2025,1.93USD,2.76BUSD,111.67BUSD,1.71%,63.19,3.69USD,1.64BUSD,9.43BUSD,494.79M,1.58,24K,2K 7.69%,392.80KUSD,68.14KUSD,Electronic Technology,Electronic Technology,Semiconductors,Semiconductors,Vincent T. Roche,analog.com,analog.com,Wilmington,1965,BBG000BB6G37
NASDAQ-ADIL,August 13,Q2 2025,0.25USD,0.00USD,3.05MUSD,,,1.6240USD,13.20MUSD,0.00USD,8.57M,0.72,7,0,0.00USD,1.89MUSD,Health Technology,Health Technology,Pharmaceuticals: Major,Pharmaceuticals: Major,Cary J. Claiborne,adialpharma.com,adialpharma.com,Glen Allen,2010,BBG00HNGDTR4
NYSE-ADM,July 29,Q2 2025,0.84USD,21.62BUSD,24.98BUSD,4.11%,17.35,2.82USD,1.80BUSD,85.50BUSD,477.13M,0.45,44.04K,+2.24K +5.36%,1.94MUSD,40.87KUSD,Process Industries,Process Industries,Agricultural Commodities/Milling,Agricultural Commodities/Milling,Juan Ricardo Luciano,adm.com,adm.com,Chicago,1902,BBG000BB6WG8
NASDAQ-ADN,August 7,Q1 2025,,,6.46MUSD,,,15.62USD,35.46MUSD,3.28MUSD,2.56M,1.65,31,69 69.00%,105.68KUSD,968.19KUSD,Electronic Technology,Electronic Technology,Semiconductors,Semiconductors,Gary Lawrence Herman,advent.energy,advent.energy,Livermore,2018,BBG00MDV8X34
NYSE-ADNT,July 31,Q3 2025,0.42USD,3.55BUSD,1.55BUSD,,,3.19USD,18.00MUSD,14.69BUSD,82.00M,0.89,70K,0,209.83KUSD,257.14USD,Producer Manufacturing,Producer Manufacturing,Auto Parts: OEM,Auto Parts: OEM,Jerome Dorlack,adient.com,adient.com,Plymouth,1985,IE00BD845X29,BBG009PN0C87
NASDAQ-ADP,July 30,Q4 2025,2.23USD,5.05BUSD,124.55BUSD,1.99%,31.71,9.81USD,3.75BUSD,19.20BUSD,405.37M,0.51,64K,+1K +1.59%,300.04KUSD,58.63KUSD,Technology Services,Technology Services,Packaged Software,Packaged Software,Maria Black,adp.com,adp.com,Roseland,1949,BBG000JG0547
NASDAQ-ADPT,July 30,Q2 2025,0.24USD,49.31MUSD,1.57BUSD,,,0.96USD,159.49MUSD,178.96MUSD,144.91M,1.34,619,90 12.69%,289.11KUSD,257.66KUSD,Health Technology,Health Technology,Biotechnology,Biotechnology,Chad Robins,adaptivebiotech.com,adaptivebiotech.com,Seattle,2009,BBG001J2PFF5
NASDAQ-ADSE,September 10,H1 2025,0.31USD,52.14MUSD,603.24MUSD,,,2.07USD,105.96MUSD,119.00MUSD,24.81M,0.56,302,+63 +26.36%,394.04KUSD,350.86KUSD,Producer Manufacturing,Producer Manufacturing,Electrical Products,Electrical Products,Thomas Gerhart Speidel,ads-tec-energy.com,ads-tec-energy.com,Dublin,2021,IE000DU292E6,BBG0147PK5F7
NASDAQ-ADSK,September 2,Q2 2025,2.45USD,1.72BUSD,62.51BUSD,,63.59,4.71USD,1.11BUSD,6.11BUSD,213.37M,0.98,15.3K,+1.2K +8.51%,399.48KUSD,72.68KUSD,Technology Services,Technology Services,Packaged Software,Packaged Software,Andrew Anagnost,autodesk.com,autodesk.com,San Francisco,1982,BBG000BM7HL0
NYSE-ADT,July 31,Q2 2025,0.20USD,1.28BUSD,6.34BUSD,2.67%,14.08,0.62USD,501.05MUSD,4.90BUSD,536.66M,0.53,12.8K,1.5K 10.49%,382.69KUSD,48.39KUSD,Commercial Services,Commercial Services,Miscellaneous Commercial Services,Miscellaneous Commercial Services,James D. DeVries,adt.com,adt.com,Boca Raton,1874,BBG000BP9WJ1
NASDAQ-ADTN,August 6,Q2 2025,0.01USD,255.57MUSD,600.24MUSD,,,1.72USD,456.91MUSD,922.72MUSD,68.86M,1.74,3.23K,+7 +0.22%,285.32KUSD,141.28KUSD,Electronic Technology,Electronic Technology,Computer Peripherals,Computer Peripherals,Thomas R. Stanton,adtran.com,adtran.com,Huntsville,1985,BBG0169CH7X9
NASDAQ-ADTX,September 3,Q2 2025,,,2.93MUSD,,,"69,702.52USD",34.45MUSD,133.99KUSD,2.12M,0.49,26,21 44.68%,5.15KUSD,1.32MUSD,Health Technology,Health Technology,Biotechnology,Biotechnology,Amro Albanna,aditxt.com,aditxt.com,Mountain View,2017,BBG00RDV1WS5
NASDAQ-ADUS,August 4,Q2 2025,1.47USD,346.47MUSD,2.08BUSD,,25.22,4.50USD,73.60MUSD,1.15BUSD,17.91M,0.32,49.7K,+14.86K +42.64%,23.23KUSD,1.48KUSD,Health Services,Health Services,Medical/Nursing Services,Medical/Nursing Services,R. Dirk Allison,addus.com,addus.com,Frisco,1979,BBG000NJGX84
NASDAQ-ADV,August 12,Q2 2025,0.11USD,792.51MUSD,467.01MUSD,,,1.29USD,422.06MUSD,3.57BUSD,86.86M,1.29,69K,1K 1.43%,51.69KUSD,5.48KUSD,Commercial Services,Commercial Services,Advertising/Marketing Services,Advertising/Marketing Services,David A. Peacock,advantagesolutions.net,advantagesolutions.net,Clayton,1987,BBG00PPWZ8C7
NASDAQ-ADVB,20.77MUSD,,,,87.39KUSD,0.00USD,3.08M,0.50,40,0.00USD,2.18KUSD,Health Technology,Health Technology,Biotechnology,Biotechnology,Yi Lu,advanbiomed.com,advanbiomed.com,Tainan,2014,BBG01HW4B3M4
NASDAQ-ADVM,August 18,Q2 2025,2.25USD,0.00USD,51.39MUSD,,,6.39USD,130.93MUSD,1.00MUSD,13.83M,1.09,155,+34 +28.10%,6.45KUSD,844.69KUSD,Health Technology,Health Technology,Pharmaceuticals: Major,Pharmaceuticals: Major,Laurent Fischer,adverum.com,adverum.com,Redwood City,2006,BBG006D9MR17
NYSE-AEE,July 31,Q2 2025,1.07USD,1.83BUSD,26.48BUSD,2.92%,21.56,4.52USD,1.18BUSD,7.62BUSD,275.52M,0.30,8.98K,391 4.17%,848.79KUSD,131.61KUSD,Utilities,Utilities,Electric Utilities,Electric Utilities,Martin J. Lyons,ameren.com,ameren.com,St. Louis,1902,BBG000B9X8C0
NASDAQ-AEHL,8.65MUSD,,,42.43USD,10.54MUSD,98.77MUSD,887.53K,0.21,66,+23 +53.49%,1.50MUSD,159.76KUSD,Producer Manufacturing,Producer Manufacturing,Building Products,Building Products,Tingting Zhang,cceramics.com,cceramics.com,Chengdu,1993,BBG000TXJ4H8
NASDAQ-AEHR,July 17,Q4 2024,0.02USD,14.80MUSD,337.01MUSD,,15.00,0.79USD,33.16MUSD,66.22MUSD,27.89M,1.37,115,+11 +10.58%,575.81KUSD,288.31KUSD,Electronic Technology,Electronic Technology,Electronic Production Equipment,Electronic Production Equipment,Gayn Erickson,aehr.com,aehr.com,Fremont,1977,BBG000BWM083
NASDAQ-AEI,9.46MUSD,,,0.4751USD,3.97MUSD,21.12MUSD,3.30M,1.92,71,+11 +18.33%,297.41KUSD,55.86KUSD,Finance,Finance,Real Estate Development,Real Estate Development,alsetinc.com,alsetinc.com,Bethesda,BBG000PZLNH2
NASDAQ-AEIS,July 30,Q2 2025,1.31USD,421.27MUSD,4.62BUSD,0.32%,65.46,1.96USD,54.21MUSD,1.48BUSD,37.29M,1.92,10K,0,148.20KUSD,5.63KUSD,Electronic Technology,Electronic Technology,Electronic Production Equipment,Electronic Production Equipment,Stephen Douglas Kelley,advancedenergy.com,advancedenergy.com,Denver,1981,BBG000FKMP26
NASDAQ-AEMD,June 26,Q4 2024,1.07USD,0.00USD,3.54MUSD,,,12.75USD,12.21MUSD,0.00USD,1.89M,1.31,14,1 6.67%,0.00USD,872.01KUSD,Health Technology,Health Technology,Medical Specialties,Medical Specialties,James B. Frakes,aethlonmedical.com,aethlonmedical.com,San Diego,1991,BBG000L78XT8
NASDAQ-AENT,October 16,Q4 2025,0.05USD,241.89MUSD,161.53MUSD,,13.88,0.23USD,4.58MUSD,1.10BUSD,3.07M,1.32,657,104 13.67%,1.68MUSD,6.97KUSD,Distribution Services,Distribution Services,Electronics Distributors,Electronics Distributors,Jeffrey Walker,aent.com,aent.com,Plantation,1990,BBG00YB0X2R2
NYSE-AEO,August 28,Q2 2025,0.20USD,1.23BUSD,1.61BUSD,4.97%,10.35,1.00USD,329.38MUSD,5.33BUSD,158.95M,0.89,44K,+900 +2.09%,121.11KUSD,7.49KUSD,Retail Trade,Retail Trade,Apparel/Footwear Retail,Apparel/Footwear Retail,Jay L. Schottenstein,ae.com,ae.com,Pittsburgh,1977,BBG000BGXZB5
AMEX-AEON,August 18,Q2 2025,11.52USD,0.00USD,10.30MUSD,,0.0030,298.9901USD,42.01MUSD,0.00USD,9.43M,1.57,5,5 50.00%,0.00USD,8.40MUSD,Health Technology,Health Technology,Pharmaceuticals: Major,Pharmaceuticals: Major,Robert E. Bancroft,aeonbiopharma.com,aeonbiopharma.com,Irvine,2012,BBG00Z17HDW3
NASDAQ-AEP,July 24,Q2 2025,1.21USD,4.85BUSD,54.97BUSD,3.61%,19.88,5.19USD,2.97BUSD,19.92BUSD,532.46M,0.02,16.33K,920 5.33%,1.22MUSD,181.70KUSD,Utilities,Utilities,Electric Utilities,Electric Utilities,William J. Fehrman,aep.com,aep.com,Columbus,1906,BBG000BB9KF2
NYSE-AER,July 30,Q2 2025,2.81USD,2.03BUSD,20.45BUSD,0.89%,10.35,11.60USD,2.10BUSD,7.04BUSD,171.03M,0.91,699,+20 +2.95%,10.07MUSD,3.00MUSD,Finance,Finance,Finance/Rental/Leasing,Finance/Rental/Leasing,Aengus Kelly,aercap.com,aercap.com,Dublin,2006,NL0000687663,BBG000Q9FZL4
NASDAQ-AERT,37.32MUSD,,0.5059,1.6014USD,15.66MUSD,72.51MUSD,10.72M,0.85,1.7K,"+1.7K +169,900.00%",42.65KUSD,9.21KUSD,Technology Services,Technology Services,Information Technology Services,Information Technology Services,Bhisham Khare,aeriestechnology.com,aeriestechnology.com,Singapore,2012,BBG012S2R9J0
NYSE-AES,July 31,Q2 2025,0.47USD,3.10BUSD,8.14BUSD,6.10%,6.30,1.84USD,1.69BUSD,12.28BUSD,708.34M,0.86,9.1K,500 5.21%,1.35MUSD,185.27KUSD,Utilities,Utilities,Electric Utilities,Electric Utilities,Andrs Ricardo Gluski Weilert,aes.com,aes.com,Arlington,1981,BBG000C23KJ3
